<?xml version="1.0" encoding="UTF-8"?><Export type="BASIC_MD">
  <WEBSERVICECONFIGURATIONS>
    <WSPUBLISHRESTCONF>
      <ID>6</ID>
      <NAME>APIGateway REST Configuration</NAME>
    </WSPUBLISHRESTCONF>
  </WEBSERVICECONFIGURATIONS>
  <QUEUES/>
  <WSMAPPINGCATEGORY>
    <WSMAPPINGCATEGORY>
      <ID>2</ID>
      <NAME>Default</NAME>
    </WSMAPPINGCATEGORY>
  </WSMAPPINGCATEGORY>
  <ROLES/>
  <WSINVOKESOAPCONF/>
  <MLVCATEGORY>
    <MLVCATEGORY>
      <ID>5</ID>
      <NAME>Default</NAME>
    </MLVCATEGORY>
  </MLVCATEGORY>
  <PROCESSCATEGORY>
    <PROCESSCATEGORY>
      <ID>1</ID>
      <NAME>Default</NAME>
    </PROCESSCATEGORY>
  </PROCESSCATEGORY>
  <CHANNELS>
    <CHANNEL>
      <ID>4</ID>
      <NAME>APIGateway_HTTPChannel</NAME>
    </CHANNEL>
  </CHANNELS>
  <PROCESSES>
    <PROCESS>
      <ID>697</ID>
      <NAME>pankaj_part_tc_db_to_json_data_fdrn_odata_process</NAME>
      <VERSION>1.0.0</VERSION>
    </PROCESS>
    <PROCESS>
      <ID>715</ID>
      <NAME>pankaj_itemrev_docrev_tc_to_json_odata_process</NAME>
      <VERSION>1.0.0</VERSION>
    </PROCESS>
    <PROCESS>
      <ID>513</ID>
      <NAME>pankaj_m1_requirement_excel_to_db_process</NAME>
      <VERSION>1.0.0</VERSION>
    </PROCESS>
    <PROCESS>
      <ID>644</ID>
      <NAME>PANKAJ_M2_PART_PARTREV_TEXTFILE_TO_JSON_odata_process</NAME>
      <VERSION>1.0.0</VERSION>
    </PROCESS>
    <PROCESS>
      <ID>630</ID>
      <NAME>pankaj_m2_samplepart_textfile_to_json_odata_process</NAME>
      <VERSION>1.0.0</VERSION>
    </PROCESS>
  </PROCESSES>
  <GATEWAYS>
    <GATEWAY>
      <ID>3</ID>
      <NAME>APIGateway</NAME>
    </GATEWAY>
  </GATEWAYS>
  <CONNECTIONS>
    <CONNECTION>
      <ID>2</ID>
      <NAME>Text connection</NAME>
    </CONNECTION>
    <CONNECTION>
      <ID>1</ID>
      <NAME>Excel Connection</NAME>
    </CONNECTION>
    <CONNECTION>
      <ID>3</ID>
      <NAME>Teamcenter connection</NAME>
    </CONNECTION>
    <CONNECTION>
      <ID>4</ID>
      <NAME>DataBase connection</NAME>
    </CONNECTION>
  </CONNECTIONS>
  <WSINVOKERESTCONF/>
</Export>
