{"name":"eQube-MI","version":"6.0.1","artifacts":{"PROJECT":[{"name":"pankaj_training_project","version":"6.0.1"}],"TM_MAP":[{"name":"pankaj_docs_to_parts_excel_to_tc_approach2_map","version":"6.0.1"},{"name":"pankaj_m2_part_partrev_textfile_to_json_odata_json_model","version":"6.0.1"},{"name":"pankaj_m1_docs_excel_to_db_explicit_rel_map","version":"6.0.1"},{"name":"pankaj_m1_db_excel_part_material_view_map","version":"6.0.1"},{"name":"pankaj_part_partrev_textfile_to_tc_map","version":"6.0.1"},{"name":"pankaj_m1_requirement_excel_to_db_map","version":"6.0.1"},{"name":"pankaj_itemrev_docrev_tc_to_json_odata_map","version":"6.0.1"},{"name":"pankaj_m2_part_data_model","version":"6.0.1"},{"name":"pankaj_test_map","version":"6.0.1"},{"name":"pankaj_m2_part_textfile_to_json_model_map","version":"6.0.1"},{"name":"pankaj_part_tc_db_to_json_data_fdrn_odata_map","version":"6.0.1"},{"name":"pankaj_itemrev_docrev_tc_to_json_odata_model","version":"6.0.1"},{"name":"pankaj_part_tc_db_to_json_data_fdrn_odata_model","version":"6.0.1"},{"name":"PANKAJ_M2_PART_PARTREV_TEXTFILE_TO_JSON_odata_map","version":"6.0.1"},{"name":"pankaj_doc_excel_to_tc_update_title_map","version":"6.0.1"},{"name":"pankaj_release_docs_textfile_to_tc_map","version":"6.0.1"},{"name":"pankaj_m1_parts_error_handling_map","version":"6.0.1"},{"name":"pankaj_m2_samplepart_textfile_to_json_odata_map","version":"6.0.1"},{"name":"pankaj_m2_samplepart_textfile_to_json_odata_json_model","version":"6.0.1"},{"name":"pankaj_revise_docs_textfile_to_tc","version":"6.0.1"},{"name":"pankaj_part_tc_db_to_json_data_fdrn_odata_map_copy","version":"6.0.1"},{"name":"pankaj_m1_docs_excel_to_db_update_title_map","version":"6.0.1"}],"PROCESS":[{"name":"pankaj_m2_part_textfile_to_json_model_process","version":"6.0.1"},{"name":"pankaj_part_tc_db_to_json_data_fdrn_odata_process","version":"6.0.1"},{"name":"pankaj_hello_world_Process","version":"6.0.1"},{"name":"pankaj_m2_samplepart_textfile_to_json_odata_process","version":"6.0.1"},{"name":"pankaj_itemrev_docrev_tc_to_json_odata_process","version":"6.0.1"},{"name":"pankaj_m1_docs_excel_to_db_explicit_rel_process","version":"6.0.1"},{"name":"pankaj_doc_excel_to_tc_update_title_process","version":"6.0.1"},{"name":"PANKAJ_M2_PART_PARTREV_TEXTFILE_TO_JSON_odata_process","version":"6.0.1"},{"name":"pankaj_m2_part_partrev_textfile_to_json_odata_json_process","version":"6.0.1"},{"name":"pankaj_docs_to_parts_excel_to_tc_approach2_process","version":"6.0.1"},{"name":"pankaj_part_partrev_textfile_to_tc_process","version":"6.0.1"},{"name":"pankaj_m1_db_excel_part_material_view_process","version":"6.0.1"},{"name":"pankaj_m1_docs_excel_to_db_update_title_process","version":"6.0.1"},{"name":"pankaj_release_revise_docs_textfile_to_tc_process","version":"6.0.1"},{"name":"pankaj_m1_requirement_excel_to_db_process","version":"6.0.1"},{"name":"pankaj_m1_parts_error_handling_process","version":"6.0.1"}],"MODEL":[{"name":"Text connection","version":"6.0.1"}],"VIEW":[{"name":"pankaj_m1_db_excel_part_material_view","version":"6.0.1"}],"SERVICE_MAPPING":[{"name":"pankaj_m2_samplepart_textfile_to_json_odata_api","version":"6.0.1"},{"name":"pankaj_m1_requirement_excel_to_db_rest_api","version":"6.0.1"},{"name":"pankaj_itemrev_docrev_tc_to_json_odata_api","version":"6.0.1"},{"name":"PANKAJ_M2_PART_PARTREV_TEXTFILE_TO_JSON_odata_api","version":"6.0.1"},{"name":"pankaj_part_tc_db_to_json_data_fdrn_odata_api","version":"6.0.1"}],"TRIGGERCONF":[{"name":"pankaj_m2_part_textfile_to_json_model_process_NV_Trigger","version":"6.0.1"},{"name":"pankaj_docs_to_parts_excel_to_tc_approach2_trigger","version":"6.0.1"},{"name":"pankaj_itemrev_docrev_tc_to_json_odata_process_JS_Trigger","version":"6.0.1"},{"name":"pankaj_m1_docs_excel_to_db_explicit_rel_trigger","version":"6.0.1"},{"name":"pankaj_doc_excel_to_tc_update_title_trigger","version":"6.0.1"},{"name":"pankaj_m2_samplepart_textfile_to_json_odata_process_JS_Trigger","version":"6.0.1"},{"name":"pankaj_part_partrev_textfile_to_tc_trigger","version":"6.0.1"},{"name":"PANKAJ_M2_PART_PARTREV_TEXTFILE_TO_JSON_odata_process_JS_Trigger","version":"6.0.1"},{"name":"pankaj_release_revise_docs_textfile_to_tc_trigger","version":"6.0.1"},{"name":"pankaj_m1_docs_excel_to_db_update_title_trigger","version":"6.0.1"},{"name":"pankaj_m1_db_excel_part_material_view_trigger","version":"6.0.1"},{"name":"pankaj_hello_world_trigger","version":"6.0.1"},{"name":"pankaj_part_tc_db_to_json_data_fdrn_odata_process_JS_Trigger","version":"6.0.1"},{"name":"pankaj_m1_parts_error_handling_trigger","version":"6.0.1"},{"name":"pankaj_m1_requirement_excel_to_db_trigger","version":"6.0.1"}]}}