<?xml version="1.0" encoding="UTF-8" standalone="yes"?>
<Export type="METAINFO" version="eQube®-MI  6.0.1">
    <entities>
        <entity>
            <entityIdentifier>
                <id>842</id>
                <name>pankaj_m1_parts_error_handling_map</name>
                <type>TM_MAP</type>
            </entityIdentifier>
            <entityReferences/>
        </entity>
        <entity>
            <entityIdentifier>
                <id>1034</id>
                <name>pankaj_docs_to_parts_excel_to_tc_approach2_map</name>
                <type>TM_MAP</type>
            </entityIdentifier>
            <entityReferences/>
        </entity>
        <entity>
            <entityIdentifier>
                <id>310</id>
                <name>pankaj_m1_parts_error_handling_trigger</name>
                <type>TRIGGERCONF</type>
            </entityIdentifier>
            <entityReferences/>
        </entity>
        <entity>
            <entityIdentifier>
                <id>1108</id>
                <name>pankaj_itemrev_docrev_tc_to_json_odata_map</name>
                <type>TM_MAP</type>
            </entityIdentifier>
            <entityReferences/>
        </entity>
        <entity>
            <entityIdentifier>
                <name>Root</name>
            </entityIdentifier>
            <entityReferences>
                <entityIdentifier>
                    <id>25</id>
                    <name>pankaj_training_project</name>
                    <type>PROJECT</type>
                </entityIdentifier>
            </entityReferences>
        </entity>
        <entity>
            <entityIdentifier>
                <id>359</id>
                <name>pankaj_m2_samplepart_textfile_to_json_odata_process_JS_Trigger</name>
                <type>TRIGGERCONF</type>
            </entityIdentifier>
            <entityReferences/>
        </entity>
        <entity>
            <entityIdentifier>
                <id>289</id>
                <name>pankaj_m1_docs_excel_to_db_explicit_rel_trigger</name>
                <type>TRIGGERCONF</type>
            </entityIdentifier>
            <entityReferences/>
        </entity>
        <entity>
            <entityIdentifier>
                <id>630</id>
                <name>pankaj_m2_samplepart_textfile_to_json_odata_process</name>
                <type>PROCESS</type>
            </entityIdentifier>
            <entityReferences>
                <entityIdentifier>
                    <id>359</id>
                    <name>pankaj_m2_samplepart_textfile_to_json_odata_process_JS_Trigger</name>
                    <type>TRIGGERCONF</type>
                </entityIdentifier>
            </entityReferences>
        </entity>
        <entity>
            <entityIdentifier>
                <id>1118</id>
                <name>pankaj_release_docs_textfile_to_tc_map</name>
                <type>TM_MAP</type>
            </entityIdentifier>
            <entityReferences/>
        </entity>
        <entity>
            <entityIdentifier>
                <id>2061</id>
                <name>pankaj_part_tc_db_to_json_data_fdrn_odata_api</name>
                <type>SERVICE_MAPPING</type>
            </entityIdentifier>
            <entityReferences>
                <entityIdentifier>
                    <id>1065</id>
                    <name>pankaj_part_tc_db_to_json_data_fdrn_odata_model</name>
                    <type>TM_MAP</type>
                </entityIdentifier>
                <entityIdentifier>
                    <id>697</id>
                    <name>pankaj_part_tc_db_to_json_data_fdrn_odata_process</name>
                    <type>PROCESS</type>
                </entityIdentifier>
            </entityReferences>
        </entity>
        <entity>
            <entityIdentifier>
                <id>661</id>
                <name>pankaj_doc_excel_to_tc_update_title_process</name>
                <type>PROCESS</type>
            </entityIdentifier>
            <entityReferences>
                <entityIdentifier>
                    <id>994</id>
                    <name>pankaj_doc_excel_to_tc_update_title_map</name>
                    <type>TM_MAP</type>
                </entityIdentifier>
                <entityIdentifier>
                    <id>384</id>
                    <name>pankaj_doc_excel_to_tc_update_title_trigger</name>
                    <type>TRIGGERCONF</type>
                </entityIdentifier>
            </entityReferences>
        </entity>
        <entity>
            <entityIdentifier>
                <id>2</id>
                <name>Text connection</name>
                <type>MODEL</type>
            </entityIdentifier>
            <entityReferences/>
        </entity>
        <entity>
            <entityIdentifier>
                <id>697</id>
                <name>pankaj_part_tc_db_to_json_data_fdrn_odata_process</name>
                <type>PROCESS</type>
            </entityIdentifier>
            <entityReferences>
                <entityIdentifier>
                    <id>1064</id>
                    <name>pankaj_part_tc_db_to_json_data_fdrn_odata_map</name>
                    <type>TM_MAP</type>
                </entityIdentifier>
                <entityIdentifier>
                    <id>420</id>
                    <name>pankaj_part_tc_db_to_json_data_fdrn_odata_process_JS_Trigger</name>
                    <type>TRIGGERCONF</type>
                </entityIdentifier>
            </entityReferences>
        </entity>
        <entity>
            <entityIdentifier>
                <id>894</id>
                <name>pankaj_m2_part_textfile_to_json_model_map</name>
                <type>TM_MAP</type>
            </entityIdentifier>
            <entityReferences/>
        </entity>
        <entity>
            <entityIdentifier>
                <id>251</id>
                <name>pankaj_hello_world_trigger</name>
                <type>TRIGGERCONF</type>
            </entityIdentifier>
            <entityReferences/>
        </entity>
        <entity>
            <entityIdentifier>
                <id>298</id>
                <name>pankaj_m1_docs_excel_to_db_update_title_trigger</name>
                <type>TRIGGERCONF</type>
            </entityIdentifier>
            <entityReferences/>
        </entity>
        <entity>
            <entityIdentifier>
                <id>1084</id>
                <name>pankaj_itemrev_docrev_tc_to_json_odata_model</name>
                <type>TM_MAP</type>
            </entityIdentifier>
            <entityReferences/>
        </entity>
        <entity>
            <entityIdentifier>
                <id>1065</id>
                <name>pankaj_part_tc_db_to_json_data_fdrn_odata_model</name>
                <type>TM_MAP</type>
            </entityIdentifier>
            <entityReferences/>
        </entity>
        <entity>
            <entityIdentifier>
                <id>265</id>
                <name>pankaj_m1_requirement_excel_to_db_trigger</name>
                <type>TRIGGERCONF</type>
            </entityIdentifier>
            <entityReferences/>
        </entity>
        <entity>
            <entityIdentifier>
                <id>715</id>
                <name>pankaj_itemrev_docrev_tc_to_json_odata_process</name>
                <type>PROCESS</type>
            </entityIdentifier>
            <entityReferences>
                <entityIdentifier>
                    <id>436</id>
                    <name>pankaj_itemrev_docrev_tc_to_json_odata_process_JS_Trigger</name>
                    <type>TRIGGERCONF</type>
                </entityIdentifier>
                <entityIdentifier>
                    <id>1108</id>
                    <name>pankaj_itemrev_docrev_tc_to_json_odata_map</name>
                    <type>TM_MAP</type>
                </entityIdentifier>
            </entityReferences>
        </entity>
        <entity>
            <entityIdentifier>
                <id>606</id>
                <name>pankaj_m1_db_excel_part_material_view_process</name>
                <type>PROCESS</type>
            </entityIdentifier>
            <entityReferences>
                <entityIdentifier>
                    <id>874</id>
                    <name>pankaj_m1_db_excel_part_material_view_map</name>
                    <type>TM_MAP</type>
                </entityIdentifier>
                <entityIdentifier>
                    <id>26</id>
                    <name>pankaj_m1_db_excel_part_material_view</name>
                    <type>VIEW</type>
                </entityIdentifier>
                <entityIdentifier>
                    <id>331</id>
                    <name>pankaj_m1_db_excel_part_material_view_trigger</name>
                    <type>TRIGGERCONF</type>
                </entityIdentifier>
            </entityReferences>
        </entity>
        <entity>
            <entityIdentifier>
                <id>885</id>
                <name>pankaj_m2_part_data_model</name>
                <type>TM_MAP</type>
            </entityIdentifier>
            <entityReferences/>
        </entity>
        <entity>
            <entityIdentifier>
                <id>964</id>
                <name>PANKAJ_M2_PART_PARTREV_TEXTFILE_TO_JSON_odata_map</name>
                <type>TM_MAP</type>
            </entityIdentifier>
            <entityReferences/>
        </entity>
        <entity>
            <entityIdentifier>
                <id>1127</id>
                <name>pankaj_revise_docs_textfile_to_tc</name>
                <type>TM_MAP</type>
            </entityIdentifier>
            <entityReferences/>
        </entity>
        <entity>
            <entityIdentifier>
                <id>444</id>
                <name>pankaj_release_revise_docs_textfile_to_tc_trigger</name>
                <type>TRIGGERCONF</type>
            </entityIdentifier>
            <entityReferences/>
        </entity>
        <entity>
            <entityIdentifier>
                <id>513</id>
                <name>pankaj_m1_requirement_excel_to_db_process</name>
                <type>PROCESS</type>
            </entityIdentifier>
            <entityReferences>
                <entityIdentifier>
                    <id>754</id>
                    <name>pankaj_m1_requirement_excel_to_db_map</name>
                    <type>TM_MAP</type>
                </entityIdentifier>
                <entityIdentifier>
                    <id>265</id>
                    <name>pankaj_m1_requirement_excel_to_db_trigger</name>
                    <type>TRIGGERCONF</type>
                </entityIdentifier>
            </entityReferences>
        </entity>
        <entity>
            <entityIdentifier>
                <id>712</id>
                <name>pankaj_test_map</name>
                <type>TM_MAP</type>
            </entityIdentifier>
            <entityReferences/>
        </entity>
        <entity>
            <entityIdentifier>
                <id>554</id>
                <name>pankaj_m1_docs_excel_to_db_update_title_process</name>
                <type>PROCESS</type>
            </entityIdentifier>
            <entityReferences>
                <entityIdentifier>
                    <id>298</id>
                    <name>pankaj_m1_docs_excel_to_db_update_title_trigger</name>
                    <type>TRIGGERCONF</type>
                </entityIdentifier>
                <entityIdentifier>
                    <id>826</id>
                    <name>pankaj_m1_docs_excel_to_db_update_title_map</name>
                    <type>TM_MAP</type>
                </entityIdentifier>
            </entityReferences>
        </entity>
        <entity>
            <entityIdentifier>
                <id>1064</id>
                <name>pankaj_part_tc_db_to_json_data_fdrn_odata_map</name>
                <type>TM_MAP</type>
            </entityIdentifier>
            <entityReferences/>
        </entity>
        <entity>
            <entityIdentifier>
                <id>644</id>
                <name>PANKAJ_M2_PART_PARTREV_TEXTFILE_TO_JSON_odata_process</name>
                <type>PROCESS</type>
            </entityIdentifier>
            <entityReferences>
                <entityIdentifier>
                    <id>964</id>
                    <name>PANKAJ_M2_PART_PARTREV_TEXTFILE_TO_JSON_odata_map</name>
                    <type>TM_MAP</type>
                </entityIdentifier>
                <entityIdentifier>
                    <id>373</id>
                    <name>PANKAJ_M2_PART_PARTREV_TEXTFILE_TO_JSON_odata_process_JS_Trigger</name>
                    <type>TRIGGERCONF</type>
                </entityIdentifier>
            </entityReferences>
        </entity>
        <entity>
            <entityIdentifier>
                <id>911</id>
                <name>pankaj_m2_samplepart_textfile_to_json_odata_json_model</name>
                <type>TM_MAP</type>
            </entityIdentifier>
            <entityReferences/>
        </entity>
        <entity>
            <entityIdentifier>
                <id>951</id>
                <name>pankaj_m2_part_partrev_textfile_to_json_odata_json_model</name>
                <type>TM_MAP</type>
            </entityIdentifier>
            <entityReferences/>
        </entity>
        <entity>
            <entityIdentifier>
                <id>25</id>
                <name>pankaj_training_project</name>
                <type>PROJECT</type>
            </entityIdentifier>
            <entityReferences>
                <entityIdentifier>
                    <id>842</id>
                    <name>pankaj_m1_parts_error_handling_map</name>
                    <type>TM_MAP</type>
                </entityIdentifier>
                <entityIdentifier>
                    <id>1034</id>
                    <name>pankaj_docs_to_parts_excel_to_tc_approach2_map</name>
                    <type>TM_MAP</type>
                </entityIdentifier>
                <entityIdentifier>
                    <id>1108</id>
                    <name>pankaj_itemrev_docrev_tc_to_json_odata_map</name>
                    <type>TM_MAP</type>
                </entityIdentifier>
                <entityIdentifier>
                    <id>310</id>
                    <name>pankaj_m1_parts_error_handling_trigger</name>
                    <type>TRIGGERCONF</type>
                </entityIdentifier>
                <entityIdentifier>
                    <id>359</id>
                    <name>pankaj_m2_samplepart_textfile_to_json_odata_process_JS_Trigger</name>
                    <type>TRIGGERCONF</type>
                </entityIdentifier>
                <entityIdentifier>
                    <id>289</id>
                    <name>pankaj_m1_docs_excel_to_db_explicit_rel_trigger</name>
                    <type>TRIGGERCONF</type>
                </entityIdentifier>
                <entityIdentifier>
                    <id>630</id>
                    <name>pankaj_m2_samplepart_textfile_to_json_odata_process</name>
                    <type>PROCESS</type>
                </entityIdentifier>
                <entityIdentifier>
                    <id>2061</id>
                    <name>pankaj_part_tc_db_to_json_data_fdrn_odata_api</name>
                    <type>SERVICE_MAPPING</type>
                </entityIdentifier>
                <entityIdentifier>
                    <id>1118</id>
                    <name>pankaj_release_docs_textfile_to_tc_map</name>
                    <type>TM_MAP</type>
                </entityIdentifier>
                <entityIdentifier>
                    <id>661</id>
                    <name>pankaj_doc_excel_to_tc_update_title_process</name>
                    <type>PROCESS</type>
                </entityIdentifier>
                <entityIdentifier>
                    <id>697</id>
                    <name>pankaj_part_tc_db_to_json_data_fdrn_odata_process</name>
                    <type>PROCESS</type>
                </entityIdentifier>
                <entityIdentifier>
                    <id>894</id>
                    <name>pankaj_m2_part_textfile_to_json_model_map</name>
                    <type>TM_MAP</type>
                </entityIdentifier>
                <entityIdentifier>
                    <id>251</id>
                    <name>pankaj_hello_world_trigger</name>
                    <type>TRIGGERCONF</type>
                </entityIdentifier>
                <entityIdentifier>
                    <id>298</id>
                    <name>pankaj_m1_docs_excel_to_db_update_title_trigger</name>
                    <type>TRIGGERCONF</type>
                </entityIdentifier>
                <entityIdentifier>
                    <id>1084</id>
                    <name>pankaj_itemrev_docrev_tc_to_json_odata_model</name>
                    <type>TM_MAP</type>
                </entityIdentifier>
                <entityIdentifier>
                    <id>1065</id>
                    <name>pankaj_part_tc_db_to_json_data_fdrn_odata_model</name>
                    <type>TM_MAP</type>
                </entityIdentifier>
                <entityIdentifier>
                    <id>265</id>
                    <name>pankaj_m1_requirement_excel_to_db_trigger</name>
                    <type>TRIGGERCONF</type>
                </entityIdentifier>
                <entityIdentifier>
                    <id>715</id>
                    <name>pankaj_itemrev_docrev_tc_to_json_odata_process</name>
                    <type>PROCESS</type>
                </entityIdentifier>
                <entityIdentifier>
                    <id>606</id>
                    <name>pankaj_m1_db_excel_part_material_view_process</name>
                    <type>PROCESS</type>
                </entityIdentifier>
                <entityIdentifier>
                    <id>885</id>
                    <name>pankaj_m2_part_data_model</name>
                    <type>TM_MAP</type>
                </entityIdentifier>
                <entityIdentifier>
                    <id>1127</id>
                    <name>pankaj_revise_docs_textfile_to_tc</name>
                    <type>TM_MAP</type>
                </entityIdentifier>
                <entityIdentifier>
                    <id>964</id>
                    <name>PANKAJ_M2_PART_PARTREV_TEXTFILE_TO_JSON_odata_map</name>
                    <type>TM_MAP</type>
                </entityIdentifier>
                <entityIdentifier>
                    <id>444</id>
                    <name>pankaj_release_revise_docs_textfile_to_tc_trigger</name>
                    <type>TRIGGERCONF</type>
                </entityIdentifier>
                <entityIdentifier>
                    <id>513</id>
                    <name>pankaj_m1_requirement_excel_to_db_process</name>
                    <type>PROCESS</type>
                </entityIdentifier>
                <entityIdentifier>
                    <id>712</id>
                    <name>pankaj_test_map</name>
                    <type>TM_MAP</type>
                </entityIdentifier>
                <entityIdentifier>
                    <id>554</id>
                    <name>pankaj_m1_docs_excel_to_db_update_title_process</name>
                    <type>PROCESS</type>
                </entityIdentifier>
                <entityIdentifier>
                    <id>1064</id>
                    <name>pankaj_part_tc_db_to_json_data_fdrn_odata_map</name>
                    <type>TM_MAP</type>
                </entityIdentifier>
                <entityIdentifier>
                    <id>644</id>
                    <name>PANKAJ_M2_PART_PARTREV_TEXTFILE_TO_JSON_odata_process</name>
                    <type>PROCESS</type>
                </entityIdentifier>
                <entityIdentifier>
                    <id>911</id>
                    <name>pankaj_m2_samplepart_textfile_to_json_odata_json_model</name>
                    <type>TM_MAP</type>
                </entityIdentifier>
                <entityIdentifier>
                    <id>951</id>
                    <name>pankaj_m2_part_partrev_textfile_to_json_odata_json_model</name>
                    <type>TM_MAP</type>
                </entityIdentifier>
                <entityIdentifier>
                    <id>809</id>
                    <name>pankaj_m1_docs_excel_to_db_explicit_rel_map</name>
                    <type>TM_MAP</type>
                </entityIdentifier>
                <entityIdentifier>
                    <id>686</id>
                    <name>pankaj_docs_to_parts_excel_to_tc_approach2_process</name>
                    <type>PROCESS</type>
                </entityIdentifier>
                <entityIdentifier>
                    <id>2187</id>
                    <name>pankaj_itemrev_docrev_tc_to_json_odata_api</name>
                    <type>SERVICE_MAPPING</type>
                </entityIdentifier>
                <entityIdentifier>
                    <id>1719</id>
                    <name>pankaj_m1_requirement_excel_to_db_rest_api</name>
                    <type>SERVICE_MAPPING</type>
                </entityIdentifier>
                <entityIdentifier>
                    <id>545</id>
                    <name>pankaj_m1_docs_excel_to_db_explicit_rel_process</name>
                    <type>PROCESS</type>
                </entityIdentifier>
                <entityIdentifier>
                    <id>411</id>
                    <name>pankaj_docs_to_parts_excel_to_tc_approach2_trigger</name>
                    <type>TRIGGERCONF</type>
                </entityIdentifier>
                <entityIdentifier>
                    <id>26</id>
                    <name>pankaj_m1_db_excel_part_material_view</name>
                    <type>VIEW</type>
                </entityIdentifier>
                <entityIdentifier>
                    <id>331</id>
                    <name>pankaj_m1_db_excel_part_material_view_trigger</name>
                    <type>TRIGGERCONF</type>
                </entityIdentifier>
                <entityIdentifier>
                    <id>569</id>
                    <name>pankaj_m1_parts_error_handling_process</name>
                    <type>PROCESS</type>
                </entityIdentifier>
                <entityIdentifier>
                    <id>384</id>
                    <name>pankaj_doc_excel_to_tc_update_title_trigger</name>
                    <type>TRIGGERCONF</type>
                </entityIdentifier>
                <entityIdentifier>
                    <id>676</id>
                    <name>pankaj_part_partrev_textfile_to_tc_process</name>
                    <type>PROCESS</type>
                </entityIdentifier>
                <entityIdentifier>
                    <id>1824</id>
                    <name>PANKAJ_M2_PART_PARTREV_TEXTFILE_TO_JSON_odata_api</name>
                    <type>SERVICE_MAPPING</type>
                </entityIdentifier>
                <entityIdentifier>
                    <id>922</id>
                    <name>pankaj_m2_samplepart_textfile_to_json_odata_map</name>
                    <type>TM_MAP</type>
                </entityIdentifier>
                <entityIdentifier>
                    <id>611</id>
                    <name>pankaj_m2_part_textfile_to_json_model_process</name>
                    <type>PROCESS</type>
                </entityIdentifier>
                <entityIdentifier>
                    <id>637</id>
                    <name>pankaj_m2_part_partrev_textfile_to_json_odata_json_process</name>
                    <type>PROCESS</type>
                </entityIdentifier>
                <entityIdentifier>
                    <id>1071</id>
                    <name>pankaj_part_tc_db_to_json_data_fdrn_odata_map_copy</name>
                    <type>TM_MAP</type>
                </entityIdentifier>
                <entityIdentifier>
                    <id>494</id>
                    <name>pankaj_hello_world_Process</name>
                    <type>PROCESS</type>
                </entityIdentifier>
                <entityIdentifier>
                    <id>1016</id>
                    <name>pankaj_part_partrev_textfile_to_tc_map</name>
                    <type>TM_MAP</type>
                </entityIdentifier>
                <entityIdentifier>
                    <id>396</id>
                    <name>pankaj_part_partrev_textfile_to_tc_trigger</name>
                    <type>TRIGGERCONF</type>
                </entityIdentifier>
                <entityIdentifier>
                    <id>874</id>
                    <name>pankaj_m1_db_excel_part_material_view_map</name>
                    <type>TM_MAP</type>
                </entityIdentifier>
                <entityIdentifier>
                    <id>436</id>
                    <name>pankaj_itemrev_docrev_tc_to_json_odata_process_JS_Trigger</name>
                    <type>TRIGGERCONF</type>
                </entityIdentifier>
                <entityIdentifier>
                    <id>340</id>
                    <name>pankaj_m2_part_textfile_to_json_model_process_NV_Trigger</name>
                    <type>TRIGGERCONF</type>
                </entityIdentifier>
                <entityIdentifier>
                    <id>420</id>
                    <name>pankaj_part_tc_db_to_json_data_fdrn_odata_process_JS_Trigger</name>
                    <type>TRIGGERCONF</type>
                </entityIdentifier>
                <entityIdentifier>
                    <id>754</id>
                    <name>pankaj_m1_requirement_excel_to_db_map</name>
                    <type>TM_MAP</type>
                </entityIdentifier>
                <entityIdentifier>
                    <id>994</id>
                    <name>pankaj_doc_excel_to_tc_update_title_map</name>
                    <type>TM_MAP</type>
                </entityIdentifier>
                <entityIdentifier>
                    <id>726</id>
                    <name>pankaj_release_revise_docs_textfile_to_tc_process</name>
                    <type>PROCESS</type>
                </entityIdentifier>
                <entityIdentifier>
                    <id>1811</id>
                    <name>pankaj_m2_samplepart_textfile_to_json_odata_api</name>
                    <type>SERVICE_MAPPING</type>
                </entityIdentifier>
                <entityIdentifier>
                    <id>373</id>
                    <name>PANKAJ_M2_PART_PARTREV_TEXTFILE_TO_JSON_odata_process_JS_Trigger</name>
                    <type>TRIGGERCONF</type>
                </entityIdentifier>
                <entityIdentifier>
                    <id>826</id>
                    <name>pankaj_m1_docs_excel_to_db_update_title_map</name>
                    <type>TM_MAP</type>
                </entityIdentifier>
            </entityReferences>
        </entity>
        <entity>
            <entityIdentifier>
                <id>809</id>
                <name>pankaj_m1_docs_excel_to_db_explicit_rel_map</name>
                <type>TM_MAP</type>
            </entityIdentifier>
            <entityReferences/>
        </entity>
        <entity>
            <entityIdentifier>
                <id>686</id>
                <name>pankaj_docs_to_parts_excel_to_tc_approach2_process</name>
                <type>PROCESS</type>
            </entityIdentifier>
            <entityReferences>
                <entityIdentifier>
                    <id>1034</id>
                    <name>pankaj_docs_to_parts_excel_to_tc_approach2_map</name>
                    <type>TM_MAP</type>
                </entityIdentifier>
                <entityIdentifier>
                    <id>411</id>
                    <name>pankaj_docs_to_parts_excel_to_tc_approach2_trigger</name>
                    <type>TRIGGERCONF</type>
                </entityIdentifier>
            </entityReferences>
        </entity>
        <entity>
            <entityIdentifier>
                <id>2187</id>
                <name>pankaj_itemrev_docrev_tc_to_json_odata_api</name>
                <type>SERVICE_MAPPING</type>
            </entityIdentifier>
            <entityReferences>
                <entityIdentifier>
                    <id>715</id>
                    <name>pankaj_itemrev_docrev_tc_to_json_odata_process</name>
                    <type>PROCESS</type>
                </entityIdentifier>
                <entityIdentifier>
                    <id>1084</id>
                    <name>pankaj_itemrev_docrev_tc_to_json_odata_model</name>
                    <type>TM_MAP</type>
                </entityIdentifier>
            </entityReferences>
        </entity>
        <entity>
            <entityIdentifier>
                <id>1719</id>
                <name>pankaj_m1_requirement_excel_to_db_rest_api</name>
                <type>SERVICE_MAPPING</type>
            </entityIdentifier>
            <entityReferences>
                <entityIdentifier>
                    <id>513</id>
                    <name>pankaj_m1_requirement_excel_to_db_process</name>
                    <type>PROCESS</type>
                </entityIdentifier>
            </entityReferences>
        </entity>
        <entity>
            <entityIdentifier>
                <id>411</id>
                <name>pankaj_docs_to_parts_excel_to_tc_approach2_trigger</name>
                <type>TRIGGERCONF</type>
            </entityIdentifier>
            <entityReferences/>
        </entity>
        <entity>
            <entityIdentifier>
                <id>545</id>
                <name>pankaj_m1_docs_excel_to_db_explicit_rel_process</name>
                <type>PROCESS</type>
            </entityIdentifier>
            <entityReferences>
                <entityIdentifier>
                    <id>809</id>
                    <name>pankaj_m1_docs_excel_to_db_explicit_rel_map</name>
                    <type>TM_MAP</type>
                </entityIdentifier>
                <entityIdentifier>
                    <id>289</id>
                    <name>pankaj_m1_docs_excel_to_db_explicit_rel_trigger</name>
                    <type>TRIGGERCONF</type>
                </entityIdentifier>
            </entityReferences>
        </entity>
        <entity>
            <entityIdentifier>
                <id>26</id>
                <name>pankaj_m1_db_excel_part_material_view</name>
                <type>VIEW</type>
            </entityIdentifier>
            <entityReferences/>
        </entity>
        <entity>
            <entityIdentifier>
                <id>331</id>
                <name>pankaj_m1_db_excel_part_material_view_trigger</name>
                <type>TRIGGERCONF</type>
            </entityIdentifier>
            <entityReferences/>
        </entity>
        <entity>
            <entityIdentifier>
                <id>569</id>
                <name>pankaj_m1_parts_error_handling_process</name>
                <type>PROCESS</type>
            </entityIdentifier>
            <entityReferences>
                <entityIdentifier>
                    <id>842</id>
                    <name>pankaj_m1_parts_error_handling_map</name>
                    <type>TM_MAP</type>
                </entityIdentifier>
                <entityIdentifier>
                    <id>310</id>
                    <name>pankaj_m1_parts_error_handling_trigger</name>
                    <type>TRIGGERCONF</type>
                </entityIdentifier>
            </entityReferences>
        </entity>
        <entity>
            <entityIdentifier>
                <id>384</id>
                <name>pankaj_doc_excel_to_tc_update_title_trigger</name>
                <type>TRIGGERCONF</type>
            </entityIdentifier>
            <entityReferences/>
        </entity>
        <entity>
            <entityIdentifier>
                <id>676</id>
                <name>pankaj_part_partrev_textfile_to_tc_process</name>
                <type>PROCESS</type>
            </entityIdentifier>
            <entityReferences>
                <entityIdentifier>
                    <id>396</id>
                    <name>pankaj_part_partrev_textfile_to_tc_trigger</name>
                    <type>TRIGGERCONF</type>
                </entityIdentifier>
                <entityIdentifier>
                    <id>1016</id>
                    <name>pankaj_part_partrev_textfile_to_tc_map</name>
                    <type>TM_MAP</type>
                </entityIdentifier>
            </entityReferences>
        </entity>
        <entity>
            <entityIdentifier>
                <id>1824</id>
                <name>PANKAJ_M2_PART_PARTREV_TEXTFILE_TO_JSON_odata_api</name>
                <type>SERVICE_MAPPING</type>
            </entityIdentifier>
            <entityReferences>
                <entityIdentifier>
                    <id>644</id>
                    <name>PANKAJ_M2_PART_PARTREV_TEXTFILE_TO_JSON_odata_process</name>
                    <type>PROCESS</type>
                </entityIdentifier>
                <entityIdentifier>
                    <id>951</id>
                    <name>pankaj_m2_part_partrev_textfile_to_json_odata_json_model</name>
                    <type>TM_MAP</type>
                </entityIdentifier>
            </entityReferences>
        </entity>
        <entity>
            <entityIdentifier>
                <id>922</id>
                <name>pankaj_m2_samplepart_textfile_to_json_odata_map</name>
                <type>TM_MAP</type>
            </entityIdentifier>
            <entityReferences/>
        </entity>
        <entity>
            <entityIdentifier>
                <id>611</id>
                <name>pankaj_m2_part_textfile_to_json_model_process</name>
                <type>PROCESS</type>
            </entityIdentifier>
            <entityReferences>
                <entityIdentifier>
                    <id>340</id>
                    <name>pankaj_m2_part_textfile_to_json_model_process_NV_Trigger</name>
                    <type>TRIGGERCONF</type>
                </entityIdentifier>
                <entityIdentifier>
                    <id>894</id>
                    <name>pankaj_m2_part_textfile_to_json_model_map</name>
                    <type>TM_MAP</type>
                </entityIdentifier>
            </entityReferences>
        </entity>
        <entity>
            <entityIdentifier>
                <id>637</id>
                <name>pankaj_m2_part_partrev_textfile_to_json_odata_json_process</name>
                <type>PROCESS</type>
            </entityIdentifier>
            <entityReferences/>
        </entity>
        <entity>
            <entityIdentifier>
                <id>1071</id>
                <name>pankaj_part_tc_db_to_json_data_fdrn_odata_map_copy</name>
                <type>TM_MAP</type>
            </entityIdentifier>
            <entityReferences/>
        </entity>
        <entity>
            <entityIdentifier>
                <id>494</id>
                <name>pankaj_hello_world_Process</name>
                <type>PROCESS</type>
            </entityIdentifier>
            <entityReferences>
                <entityIdentifier>
                    <id>251</id>
                    <name>pankaj_hello_world_trigger</name>
                    <type>TRIGGERCONF</type>
                </entityIdentifier>
            </entityReferences>
        </entity>
        <entity>
            <entityIdentifier>
                <id>1016</id>
                <name>pankaj_part_partrev_textfile_to_tc_map</name>
                <type>TM_MAP</type>
            </entityIdentifier>
            <entityReferences/>
        </entity>
        <entity>
            <entityIdentifier>
                <id>396</id>
                <name>pankaj_part_partrev_textfile_to_tc_trigger</name>
                <type>TRIGGERCONF</type>
            </entityIdentifier>
            <entityReferences/>
        </entity>
        <entity>
            <entityIdentifier>
                <id>874</id>
                <name>pankaj_m1_db_excel_part_material_view_map</name>
                <type>TM_MAP</type>
            </entityIdentifier>
            <entityReferences/>
        </entity>
        <entity>
            <entityIdentifier>
                <id>436</id>
                <name>pankaj_itemrev_docrev_tc_to_json_odata_process_JS_Trigger</name>
                <type>TRIGGERCONF</type>
            </entityIdentifier>
            <entityReferences/>
        </entity>
        <entity>
            <entityIdentifier>
                <id>340</id>
                <name>pankaj_m2_part_textfile_to_json_model_process_NV_Trigger</name>
                <type>TRIGGERCONF</type>
            </entityIdentifier>
            <entityReferences/>
        </entity>
        <entity>
            <entityIdentifier>
                <id>420</id>
                <name>pankaj_part_tc_db_to_json_data_fdrn_odata_process_JS_Trigger</name>
                <type>TRIGGERCONF</type>
            </entityIdentifier>
            <entityReferences/>
        </entity>
        <entity>
            <entityIdentifier>
                <id>754</id>
                <name>pankaj_m1_requirement_excel_to_db_map</name>
                <type>TM_MAP</type>
            </entityIdentifier>
            <entityReferences/>
        </entity>
        <entity>
            <entityIdentifier>
                <id>994</id>
                <name>pankaj_doc_excel_to_tc_update_title_map</name>
                <type>TM_MAP</type>
            </entityIdentifier>
            <entityReferences/>
        </entity>
        <entity>
            <entityIdentifier>
                <id>726</id>
                <name>pankaj_release_revise_docs_textfile_to_tc_process</name>
                <type>PROCESS</type>
            </entityIdentifier>
            <entityReferences>
                <entityIdentifier>
                    <id>1118</id>
                    <name>pankaj_release_docs_textfile_to_tc_map</name>
                    <type>TM_MAP</type>
                </entityIdentifier>
                <entityIdentifier>
                    <id>1127</id>
                    <name>pankaj_revise_docs_textfile_to_tc</name>
                    <type>TM_MAP</type>
                </entityIdentifier>
                <entityIdentifier>
                    <id>444</id>
                    <name>pankaj_release_revise_docs_textfile_to_tc_trigger</name>
                    <type>TRIGGERCONF</type>
                </entityIdentifier>
                <entityIdentifier>
                    <id>2</id>
                    <name>Text connection</name>
                    <type>MODEL</type>
                </entityIdentifier>
            </entityReferences>
        </entity>
        <entity>
            <entityIdentifier>
                <id>373</id>
                <name>PANKAJ_M2_PART_PARTREV_TEXTFILE_TO_JSON_odata_process_JS_Trigger</name>
                <type>TRIGGERCONF</type>
            </entityIdentifier>
            <entityReferences/>
        </entity>
        <entity>
            <entityIdentifier>
                <id>1811</id>
                <name>pankaj_m2_samplepart_textfile_to_json_odata_api</name>
                <type>SERVICE_MAPPING</type>
            </entityIdentifier>
            <entityReferences>
                <entityIdentifier>
                    <id>630</id>
                    <name>pankaj_m2_samplepart_textfile_to_json_odata_process</name>
                    <type>PROCESS</type>
                </entityIdentifier>
                <entityIdentifier>
                    <id>911</id>
                    <name>pankaj_m2_samplepart_textfile_to_json_odata_json_model</name>
                    <type>TM_MAP</type>
                </entityIdentifier>
            </entityReferences>
        </entity>
        <entity>
            <entityIdentifier>
                <id>826</id>
                <name>pankaj_m1_docs_excel_to_db_update_title_map</name>
                <type>TM_MAP</type>
            </entityIdentifier>
            <entityReferences/>
        </entity>
    </entities>
</Export>
